[
  {
    "model": "sites.site",
    "pk": 1,
    "fields": {
      "domain": "localhost:8000",
      "name": "Najdistan v3.0"
    }
  },
  {
    "model": "users.user",
    "pk": 1,
    "fields": {
      "password": "pbkdf2_sha256$180000$1kwjHhqMjDot$iuMqrScXjyIl2A+5PT6/1ig6p47CA2MmZLqDCWlszrU=",
      "last_login": "2020-05-21T23:59:05.970Z",
      "is_superuser": true,
      "is_staff": true,
      "is_active": true,
      "date_joined": "2020-05-21T23:31:10Z",
      "created_at": "2020-05-21T23:31:10.458Z",
      "modified_at": "2020-05-21T23:32:08.585Z",
      "first_name": "Admin",
      "last_name": "Ovski",
      "email": "admin@com.com",
      "telephone": "0612121212",
      "profile_image": "profiles/ad2f42548e554db68e911fbae2a4b4eb.png",
      "identifier": "061e45eb-ebb1-4fde-9563-f5dae864cbf0",
      "groups": [],
      "user_permissions": []
    }
  },
  {
    "model": "users.user",
    "pk": 2,
    "fields": {
      "password": "pbkdf2_sha256$180000$NXmbEAzmHLI2$YNj8JmsWxXhcDa/b7alBmZDemwwFO4kSrYm7efayNhI=",
      "last_login": "2020-05-21T23:33:06Z",
      "is_superuser": false,
      "is_staff": false,
      "is_active": true,
      "date_joined": "2020-05-21T23:32:48Z",
      "created_at": "2020-05-21T23:32:48.708Z",
      "modified_at": "2020-05-21T23:33:07.524Z",
      "first_name": "John",
      "last_name": "Doe",
      "email": "johndoe@some.domain",
      "telephone": "+1659898656",
      "profile_image": "profiles/8d29c589d030447a9355c7bbdc2e8eb2.png",
      "identifier": "07fb5e1f-bf04-4cbe-93d9-c19ef7250aad",
      "groups": [],
      "user_permissions": []
    }
  },
  {
    "model": "users.user",
    "pk": 3,
    "fields": {
      "password": "pbkdf2_sha256$180000$j6YXnNv8s7w8$4kVwjldMuISi4idMI744nhA+7enCoKQzBvgj9ZKa/f0=",
      "last_login": "2020-05-21T23:33:39Z",
      "is_superuser": false,
      "is_staff": false,
      "is_active": true,
      "date_joined": "2020-05-21T23:33:19Z",
      "created_at": "2020-05-21T23:33:19.221Z",
      "modified_at": "2020-05-21T23:33:40.363Z",
      "first_name": "Jane",
      "last_name": "Doe",
      "email": "janedoe@yahoo.com",
      "telephone": "+15632323234",
      "profile_image": "profiles/ce4239f1978d44bda7c199aeb3d10309.png",
      "identifier": "9ea67eef-de0c-4688-af2d-2b0a3c387181",
      "groups": [],
      "user_permissions": []
    }
  },
  {
    "model": "users.user",
    "pk": 4,
    "fields": {
      "password": "pbkdf2_sha256$180000$WPZMpr9LWzd8$uVWPfb/+un6oTPcHhe65icAb6FlsRdjFzjVOgg0fPQk=",
      "last_login": "2020-05-21T23:34:34Z",
      "is_superuser": true,
      "is_staff": true,
      "is_active": true,
      "date_joined": "2020-05-21T23:34:08Z",
      "created_at": "2020-05-21T23:34:09.022Z",
      "modified_at": "2020-05-21T23:34:36.324Z",
      "first_name": "Donald",
      "last_name": "Dimitriovski",
      "email": "donfrozex@gmail.com",
      "telephone": "+3161231234",
      "profile_image": "profiles/0b0d23b053ed4b7185c69d725f5e4d1b.png",
      "identifier": "f04dd6ae-1f6c-4b7a-8473-ae380a68341c",
      "groups": [],
      "user_permissions": []
    }
  },
  {
    "model": "users.bookmarks",
    "pk": 1,
    "fields": {
      "user": 3,
      "listing": 4
    }
  },
  {
    "model": "users.bookmarks",
    "pk": 2,
    "fields": {
      "user": 3,
      "listing": 3
    }
  },
  {
    "model": "users.bookmarks",
    "pk": 3,
    "fields": {
      "user": 4,
      "listing": 3
    }
  },
  {
    "model": "users.bookmarks",
    "pk": 4,
    "fields": {
      "user": 1,
      "listing": 4
    }
  },
  {
    "model": "users.bookmarks",
    "pk": 5,
    "fields": {
      "user": 1,
      "listing": 2
    }
  },
  {
    "model": "listings.place",
    "pk": 1,
    "fields": {
      "region": "Macedonia",
      "city": "Skopje"
    }
  },
  {
    "model": "listings.place",
    "pk": 2,
    "fields": {
      "region": "Macedonia",
      "city": "Bitola"
    }
  },
  {
    "model": "listings.place",
    "pk": 3,
    "fields": {
      "region": "Macedonia",
      "city": "Prilep"
    }
  },
  {
    "model": "listings.place",
    "pk": 4,
    "fields": {
      "region": "Macedonia",
      "city": "Ohrid"
    }
  },
  {
    "model": "listings.place",
    "pk": 5,
    "fields": {
      "region": "Macedonia",
      "city": "Tetovo"
    }
  },
  {
    "model": "listings.place",
    "pk": 6,
    "fields": {
      "region": "Macedonia",
      "city": "Kocani"
    }
  },
  {
    "model": "listings.place",
    "pk": 7,
    "fields": {
      "region": "Macedonia",
      "city": "Stip"
    }
  },
  {
    "model": "listings.listing",
    "pk": 1,
    "fields": {
      "created_at": "2020-05-21T23:42:23.988Z",
      "modified_at": "2020-05-21T23:42:23.988Z",
      "user": 4,
      "city": 1,
      "title": "Moden city in city center",
      "description": "\"Lorem ipsum dolor sit amet, consectetur adipiscing elit, sed do eiusmod tempor incididunt ut labore et dolore magna aliqua. Ut enim ad minim veniam, quis nostrud exercitation ullamco laboris nisi ut aliquip ex ea commodo consequat. Duis aute irure dolor in reprehenderit in voluptate velit esse cillum dolore eu fugiat nulla pariatur. Excepteur sint occaecat cupidatat non proident, sunt in culpa qui officia deserunt mollit anim id est laborum.\"",
      "address": "",
      "zip_code": "1000ab",
      "home_type": "apartment",
      "quadrature": 88,
      "rooms": 4,
      "bedrooms": 2,
      "floor": 4,
      "interior": "furnished",
      "heating": "electricity",
      "price": "350",
      "basement": true,
      "parking": true,
      "elevator": false,
      "balcony": false,
      "times_visited": 1,
      "is_available": true,
      "available_from": null,
      "rental_period": 6,
      "is_approved": true,
      "rejection_reason": null,
      "listing_type": "rent",
      "soft_deleted": false,
      "slug": "moden-city-in-city-center-21052020234223"
    }
  },
  {
    "model": "listings.listing",
    "pk": 2,
    "fields": {
      "created_at": "2020-05-21T23:50:58.288Z",
      "modified_at": "2020-05-21T23:50:58.288Z",
      "user": 3,
      "city": 1,
      "title": "Awesome renovated house in Gjorce",
      "description": "\"Sed ut perspiciatis unde omnis iste natus error sit voluptatem accusantium doloremque laudantium, totam rem aperiam, eaque ipsa quae ab illo inventore veritatis et quasi architecto beatae vitae dicta sunt explicabo. Nemo enim ipsam voluptatem quia voluptas sit aspernatur aut odit aut fugit, sed quia consequuntur magni dolores eos qui ratione voluptatem sequi nesciunt. Neque porro quisquam est, qui dolorem ipsum quia dolor sit amet, consectetur, adipisci velit, sed quia non numquam eius modi tempora incidunt ut labore et dolore magnam aliquam quaerat voluptatem. Ut enim ad minima veniam, quis nostrum exercitationem ullam corporis suscipit laboriosam, nisi ut aliquid ex ea commodi consequatur? Quis autem vel eum iure reprehenderit qui in ea voluptate velit esse quam nihil molestiae consequatur, vel illum qui dolorem eum fugiat quo voluptas nulla pariatur?\"",
      "address": "",
      "zip_code": "1020bb",
      "home_type": "house",
      "quadrature": 150,
      "rooms": 4,
      "bedrooms": 2,
      "floor": 1,
      "interior": "upholstered",
      "heating": "other",
      "price": "150000",
      "basement": true,
      "parking": true,
      "elevator": true,
      "balcony": false,
      "times_visited": 0,
      "is_available": true,
      "available_from": null,
      "rental_period": 6,
      "is_approved": true,
      "rejection_reason": null,
      "listing_type": "sell",
      "soft_deleted": false,
      "slug": "awesome-renovated-house-in-gjorce-21052020235058"
    }
  },
  {
    "model": "listings.listing",
    "pk": 3,
    "fields": {
      "created_at": "2020-05-21T23:52:32.660Z",
      "modified_at": "2020-05-21T23:52:32.660Z",
      "user": 2,
      "city": 4,
      "title": "A vila for renting in Ohrid's heart",
      "description": "Neque egestas congue quisque egestas diam. Tincidunt dui ut ornare lectus sit. Elementum nisi quis eleifend quam adipiscing vitae proin sagittis nisl. Amet volutpat consequat mauris nunc congue nisi. Dignissim enim sit amet venenatis urna cursus eget. Neque vitae tempus quam pellentesque nec nam. Justo donec enim diam vulputate ut pharetra sit amet.",
      "address": "",
      "zip_code": "2350fa",
      "home_type": "house",
      "quadrature": 120,
      "rooms": 3,
      "bedrooms": 3,
      "floor": 2,
      "interior": "furnished",
      "heating": "solar",
      "price": "500",
      "basement": false,
      "parking": true,
      "elevator": false,
      "balcony": true,
      "times_visited": 1,
      "is_available": true,
      "available_from": "2020-05-22",
      "rental_period": 1,
      "is_approved": true,
      "rejection_reason": null,
      "listing_type": "rent",
      "soft_deleted": false,
      "slug": "a-vila-for-renting-in-ohrids-heart-21052020235232"
    }
  },
  {
    "model": "listings.listing",
    "pk": 4,
    "fields": {
      "created_at": "2020-05-21T23:54:43.771Z",
      "modified_at": "2020-05-21T23:54:43.771Z",
      "user": 4,
      "city": 6,
      "title": "A new condo for sell in Kocani",
      "description": "Tempus iaculis urna id volutpat lacus laoreet non curabitur gravida. Id venenatis a condimentum vitae sapien pellentesque. Urna nec tincidunt praesent semper feugiat. Sit amet justo donec enim diam vulputate ut pharetra sit. Diam sollicitudin tempor id eu. Venenatis tellus in metus vulputate eu. Velit ut tortor pretium viverra suspendisse. Molestie ac feugiat sed lectus. In nulla posuere sollicitudin aliquam ultrices sagittis orci a scelerisque.",
      "address": "BB 100",
      "zip_code": "1000tt",
      "home_type": "apartment",
      "quadrature": 55,
      "rooms": 2,
      "bedrooms": 1,
      "floor": 2,
      "interior": "unfurnished",
      "heating": "gas",
      "price": "25001",
      "basement": false,
      "parking": false,
      "elevator": true,
      "balcony": true,
      "times_visited": 1,
      "is_available": true,
      "available_from": null,
      "rental_period": 6,
      "is_approved": null,
      "rejection_reason": null,
      "listing_type": "sell",
      "soft_deleted": false,
      "slug": "a-new-condo-for-sell-in-kocani-21052020235443"
    }
  },
  {
    "model": "listings.listing",
    "pk": 5,
    "fields": {
      "created_at": "2020-05-22T00:03:56.771Z",
      "modified_at": "2020-05-22T00:03:56.771Z",
      "user": 3,
      "city": 3,
      "title": "Urgently house for sell",
      "description": "Aliquam a aliquet risus. Aenean id commodo erat, quis vehicula velit. Cras nec dolor ac sem interdum aliquet in vestibulum velit. Sed posuere dolor vitae erat tincidunt, gravida faucibus metus suscipit. Nullam ultrices lectus nec lorem malesuada interdum. Class aptent taciti sociosqu ad litora torquent per conubia nostra, per inceptos himenaeos. Interdum et malesuada fames ac ante ipsum primis in faucibus. Maecenas pretium ligula a quam auctor, a pellentesque quam posuere. Sed ac mauris sem. Nulla id orci lacus. Duis sollicitudin ultricies rhoncus. Aliquam suscipit hendrerit augue, at egestas ipsum placerat ornare. Etiam dignissim est nulla, vitae eleifend sapien commodo id. Donec vel metus pellentesque, feugiat mauris interdum, dignissim nulla. Nulla facilisi. Fusce quis felis non tellus vulputate porttitor.",
      "address": "",
      "zip_code": "2311gf",
      "home_type": "house",
      "quadrature": 98,
      "rooms": 4,
      "bedrooms": 2,
      "floor": 2,
      "interior": "unspecified",
      "heating": "central",
      "price": "99996",
      "basement": true,
      "parking": true,
      "elevator": false,
      "balcony": false,
      "times_visited": 0,
      "is_available": true,
      "available_from": null,
      "rental_period": 6,
      "is_approved": true,
      "rejection_reason": null,
      "listing_type": "sell",
      "soft_deleted": false,
      "slug": "urgently-house-for-sell-22052020000356"
    }
  },
  {
    "model": "listings.listing",
    "pk": 6,
    "fields": {
      "created_at": "2020-05-22T00:05:00.665Z",
      "modified_at": "2020-05-22T00:05:00.665Z",
      "user": 3,
      "city": 1,
      "title": "Fancy condo for your intimate nights",
      "description": "Donec pharetra, arcu non euismod pharetra, mauris dui ornare dolor, sed laoreet massa turpis ut turpis. Etiam tempor venenatis nulla, vitae pretium quam rhoncus quis. Praesent finibus maximus ullamcorper. Suspendisse id tempus tellus. Vestibulum justo augue, pharetra id rhoncus sit amet, interdum sit amet risus. Aenean consectetur velit at tincidunt pellentesque. Ut facilisis euismod lacus tristique dictum. Duis imperdiet elit quis imperdiet facilisis.",
      "address": "",
      "zip_code": "1236yt",
      "home_type": "apartment",
      "quadrature": 45,
      "rooms": 2,
      "bedrooms": 1,
      "floor": 1,
      "interior": "furnished",
      "heating": "wood",
      "price": "94",
      "basement": false,
      "parking": true,
      "elevator": false,
      "balcony": true,
      "times_visited": 0,
      "is_available": true,
      "available_from": null,
      "rental_period": 6,
      "is_approved": null,
      "rejection_reason": null,
      "listing_type": "rent",
      "soft_deleted": false,
      "slug": "fancy-condo-for-your-intimate-nights-22052020000500"
    }
  },
  {
    "model": "listings.image",
    "pk": 1,
    "fields": {
      "created_at": "2020-05-21T23:42:23.990Z",
      "modified_at": "2020-05-21T23:42:23.990Z",
      "listing": 1,
      "image": "listings/c2bd3251dfff4ccb8f4c72dc2c3072cc.png",
      "order": 1
    }
  },
  {
    "model": "listings.image",
    "pk": 2,
    "fields": {
      "created_at": "2020-05-21T23:42:24.835Z",
      "modified_at": "2020-05-21T23:42:24.835Z",
      "listing": 1,
      "image": "listings/f14e0c8989f448e6b981b9bbe77a42cf.png",
      "order": 1
    }
  },
  {
    "model": "listings.image",
    "pk": 3,
    "fields": {
      "created_at": "2020-05-21T23:42:24.987Z",
      "modified_at": "2020-05-21T23:42:24.987Z",
      "listing": 1,
      "image": "listings/4cd38adf79f0403b801d45d8fdd91903.png",
      "order": 1
    }
  },
  {
    "model": "listings.image",
    "pk": 4,
    "fields": {
      "created_at": "2020-05-21T23:50:58.289Z",
      "modified_at": "2020-05-21T23:50:58.289Z",
      "listing": 2,
      "image": "listings/2766076210574024b6c71af481a04c8c.png",
      "order": 1
    }
  },
  {
    "model": "listings.image",
    "pk": 5,
    "fields": {
      "created_at": "2020-05-21T23:50:59.077Z",
      "modified_at": "2020-05-21T23:50:59.077Z",
      "listing": 2,
      "image": "listings/de88427a426643eeb01701a3eb81f1c1.png",
      "order": 1
    }
  },
  {
    "model": "listings.image",
    "pk": 6,
    "fields": {
      "created_at": "2020-05-21T23:50:59.316Z",
      "modified_at": "2020-05-21T23:50:59.316Z",
      "listing": 2,
      "image": "listings/7385d268098d4d478a0e7564288b671b.png",
      "order": 1
    }
  },
  {
    "model": "listings.image",
    "pk": 7,
    "fields": {
      "created_at": "2020-05-21T23:52:32.662Z",
      "modified_at": "2020-05-21T23:52:32.662Z",
      "listing": 3,
      "image": "listings/d455880bc59843268680d2ec9ee2571c.png",
      "order": 1
    }
  },
  {
    "model": "listings.image",
    "pk": 8,
    "fields": {
      "created_at": "2020-05-21T23:52:32.995Z",
      "modified_at": "2020-05-21T23:52:32.995Z",
      "listing": 3,
      "image": "listings/ad1e16387c5a48bbbd3ed1e0b3bf36fe.png",
      "order": 1
    }
  },
  {
    "model": "listings.image",
    "pk": 9,
    "fields": {
      "created_at": "2020-05-21T23:52:33.388Z",
      "modified_at": "2020-05-21T23:52:33.389Z",
      "listing": 3,
      "image": "listings/88454167b2034cae8868dd17b028efb7.png",
      "order": 1
    }
  },
  {
    "model": "listings.image",
    "pk": 10,
    "fields": {
      "created_at": "2020-05-21T23:54:43.772Z",
      "modified_at": "2020-05-21T23:54:43.772Z",
      "listing": 4,
      "image": "listings/216fe1321d394444b69b1763530c96ad.png",
      "order": 1
    }
  },
  {
    "model": "listings.image",
    "pk": 11,
    "fields": {
      "created_at": "2020-05-21T23:54:44.555Z",
      "modified_at": "2020-05-21T23:54:44.555Z",
      "listing": 4,
      "image": "listings/a47f3681dc924ba6b2107ca8f79fb13a.png",
      "order": 1
    }
  },
  {
    "model": "listings.image",
    "pk": 12,
    "fields": {
      "created_at": "2020-05-21T23:54:45.036Z",
      "modified_at": "2020-05-21T23:54:45.036Z",
      "listing": 4,
      "image": "listings/b722915c3cbd4a0d9be50f39b5e6af6c.png",
      "order": 1
    }
  },
  {
    "model": "listings.image",
    "pk": 13,
    "fields": {
      "created_at": "2020-05-21T23:54:45.259Z",
      "modified_at": "2020-05-21T23:54:45.259Z",
      "listing": 4,
      "image": "listings/e31fbb652c5b4017ab3ceb491e3f7a56.png",
      "order": 1
    }
  },
  {
    "model": "listings.image",
    "pk": 14,
    "fields": {
      "created_at": "2020-05-21T23:54:45.422Z",
      "modified_at": "2020-05-21T23:54:45.422Z",
      "listing": 4,
      "image": "listings/5529597497fc4dfa86d7154e015f5afe.png",
      "order": 1
    }
  },
  {
    "model": "listings.image",
    "pk": 15,
    "fields": {
      "created_at": "2020-05-22T00:03:56.773Z",
      "modified_at": "2020-05-22T00:03:56.773Z",
      "listing": 5,
      "image": "listings/fc147aa22fc146ca800d5d50c8342eda.png",
      "order": 1
    }
  },
  {
    "model": "listings.image",
    "pk": 16,
    "fields": {
      "created_at": "2020-05-22T00:03:57.668Z",
      "modified_at": "2020-05-22T00:03:57.668Z",
      "listing": 5,
      "image": "listings/48158d466c8b4defa0e5c46d1f1ff69a.png",
      "order": 1
    }
  },
  {
    "model": "listings.image",
    "pk": 17,
    "fields": {
      "created_at": "2020-05-22T00:05:00.666Z",
      "modified_at": "2020-05-22T00:05:00.666Z",
      "listing": 6,
      "image": "listings/b9b49811bc14470da53ca711d3012c3e.png",
      "order": 1
    }
  },
  {
    "model": "listings.image",
    "pk": 18,
    "fields": {
      "created_at": "2020-05-22T00:05:01.562Z",
      "modified_at": "2020-05-22T00:05:01.562Z",
      "listing": 6,
      "image": "listings/4f6efcf8a0d34e719f8564bc79f504e3.png",
      "order": 1
    }
  },
  {
    "model": "searchprofiles.searchprofiles",
    "pk": 1,
    "fields": {
      "created_at": "2020-05-21T23:57:15.871Z",
      "modified_at": "2020-05-21T23:57:15.871Z",
      "user": 4,
      "title": "My SP #1",
      "city": 1,
      "listing_type": "buy",
      "rooms": 3,
      "bedrooms": 2,
      "min_price": "80000",
      "max_price": "120000",
      "interior": "unspecified",
      "frequency": "weekly",
      "is_active": true
    }
  },
  {
    "model": "searchprofiles.searchprofiles",
    "pk": 2,
    "fields": {
      "created_at": "2020-05-21T23:57:48.568Z",
      "modified_at": "2020-05-21T23:57:48.568Z",
      "user": 2,
      "title": "My SP #2",
      "city": 1,
      "listing_type": "rent",
      "rooms": 2,
      "bedrooms": 1,
      "min_price": "150",
      "max_price": "250",
      "interior": "unspecified",
      "frequency": "weekly",
      "is_active": true
    }
  },
  {
    "model": "searchprofiles.searchprofiles",
    "pk": 3,
    "fields": {
      "created_at": "2020-05-21T23:58:16.815Z",
      "modified_at": "2020-05-21T23:58:16.815Z",
      "user": 1,
      "title": "My SP #3",
      "city": 1,
      "listing_type": "buy",
      "rooms": 4,
      "bedrooms": 2,
      "min_price": "50000",
      "max_price": "100000",
      "interior": "unfurnished",
      "frequency": "instant",
      "is_active": true
    }
  },
  {
    "model": "django_celery_beat.crontabschedule",
    "pk": 1,
    "fields": {
      "minute": "30",
      "hour": "6",
      "day_of_week": "*",
      "day_of_month": "*",
      "month_of_year": "*",
      "timezone": "Europe/Amsterdam"
    }
  },
  {
    "model": "django_celery_beat.crontabschedule",
    "pk": 2,
    "fields": {
      "minute": "0",
      "hour": "7",
      "day_of_week": "1",
      "day_of_month": "*",
      "month_of_year": "*",
      "timezone": "Europe/Amsterdam"
    }
  },
  {
    "model": "django_celery_beat.crontabschedule",
    "pk": 3,
    "fields": {
      "minute": "30",
      "hour": "7",
      "day_of_week": "*",
      "day_of_month": "1,15",
      "month_of_year": "*",
      "timezone": "Europe/Amsterdam"
    }
  },
  {
    "model": "django_celery_beat.crontabschedule",
    "pk": 4,
    "fields": {
      "minute": "0",
      "hour": "8",
      "day_of_week": "*",
      "day_of_month": "2",
      "month_of_year": "*",
      "timezone": "Europe/Amsterdam"
    }
  },
  {
    "model": "django_celery_beat.periodictasks",
    "pk": 1,
    "fields": {
      "last_update": "2020-05-22T00:00:01.050Z"
    }
  },
  {
    "model": "django_celery_beat.periodictask",
    "pk": 1,
    "fields": {
      "name": "DAILY - 06:30h",
      "task": "searchprofiles.tasks.get_new_listings",
      "interval": null,
      "crontab": 1,
      "solar": null,
      "clocked": null,
      "args": "[\"daily\"]",
      "kwargs": "{}",
      "queue": null,
      "exchange": null,
      "routing_key": null,
      "headers": "{}",
      "priority": null,
      "expires": null,
      "expire_seconds": null,
      "one_off": false,
      "start_time": null,
      "enabled": false,
      "last_run_at": null,
      "total_run_count": 0,
      "date_changed": "2020-05-21T23:59:53.625Z",
      "description": "Cronjob to be run on a daily basis to check if new Listings have been submitted (and approved) in the PAST DAY."
    }
  },
  {
    "model": "django_celery_beat.periodictask",
    "pk": 2,
    "fields": {
      "name": "WEEKLY - 07:00h",
      "task": "searchprofiles.tasks.get_new_listings",
      "interval": null,
      "crontab": 2,
      "solar": null,
      "clocked": null,
      "args": "[\"weekly\"]",
      "kwargs": "{}",
      "queue": null,
      "exchange": null,
      "routing_key": null,
      "headers": "{}",
      "priority": null,
      "expires": null,
      "expire_seconds": null,
      "one_off": false,
      "start_time": null,
      "enabled": false,
      "last_run_at": null,
      "total_run_count": 0,
      "date_changed": "2020-05-21T23:59:57.644Z",
      "description": "Cronjob to be run on a weekly basis to check if new Listings have been submitted (and approved) in the PAST WEEK."
    }
  },
  {
    "model": "django_celery_beat.periodictask",
    "pk": 3,
    "fields": {
      "name": "BIWEEKLY - 07:30h",
      "task": "searchprofiles.tasks.get_new_listings",
      "interval": null,
      "crontab": 3,
      "solar": null,
      "clocked": null,
      "args": "[\"biweekly\"]",
      "kwargs": "{}",
      "queue": null,
      "exchange": null,
      "routing_key": null,
      "headers": "{}",
      "priority": null,
      "expires": null,
      "expire_seconds": null,
      "one_off": false,
      "start_time": null,
      "enabled": false,
      "last_run_at": null,
      "total_run_count": 0,
      "date_changed": "2020-05-22T00:00:01.052Z",
      "description": "Cronjob to be run on a bi-weekly basis to check if new Listings have been submitted (and approved) in the PAST 2 WEEKS"
    }
  },
  {
    "model": "django_celery_beat.periodictask",
    "pk": 4,
    "fields": {
      "name": "MONTHLY - 08:00h",
      "task": "searchprofiles.tasks.get_new_listings",
      "interval": null,
      "crontab": 4,
      "solar": null,
      "clocked": null,
      "args": "[\"monthly\"]",
      "kwargs": "{}",
      "queue": null,
      "exchange": null,
      "routing_key": null,
      "headers": "{}",
      "priority": null,
      "expires": null,
      "expire_seconds": null,
      "one_off": false,
      "start_time": null,
      "enabled": false,
      "last_run_at": null,
      "total_run_count": 0,
      "date_changed": "2020-05-21T23:59:50.260Z",
      "description": "Cronjob to be run on a monthly basis to check if new Listings have been submitted (and approved) in the PAST MONTH.\r\nThe job is run on the 2-nd of the new month."
    }
  }
]